,top_25,top_50,random
run_1,0.7454545497894287,0.6727272868156433,0.7090908885002136
